{
    "binning": {
        "nEbinsTrue": 30,
        "EminTrue": 1,
        "EmaxTrue": 100,
        "nEbinsReco": 20,
        "EminReco": 10,
        "EmaxReco": 100,
        "ncosTbinsTrue": 40,
        "ncosTbinsReco": 10,
        "nBybinsTrue": 1,
        "nBybinsReco": 1,
        "custom": true,
        "custom_EbinsReco": [
            10.0,
            11.28837891684689,
            12.742749857031335,
            14.38449888287663,
            16.237767391887218,
            18.329807108324356,
            20.6913808111479,
            23.357214690901223,
            26.366508987303583,
            29.76351441631318,
            33.59818286283781,
            37.926901907322495,
            42.81332398719393,
            48.32930238571752,
            54.5559478116852,
            61.58482110660264,
            69.51927961775606,
            78.47599703514611,
            88.58667904100822,
            100.0
        ]
    }
}