{
    "binning": {
        "nEbinsTrue": 35,
        "EminTrue": 1,
        "EmaxTrue": 100,
        
        "nEbinsReco": 25,
        "EminReco": 20,
        "EmaxReco": 450,


        "ncosTbinsTrue": 40,
        "ncosTbinsReco": 10,
        "nBybinsTrue": 1,
        "nBybinsReco": 1,

        "custom": true,
        "custom_E": true,
        "custom_cosT": false,
        "custom_By": false,
        "custom_Elinear": false,
        "custom_cosTlinear": true,
        "custom_Bylinear": true,
        "custom_EbinsTrue": [10        ,  12.64705882,  15.29411765,  17.94117647,
        20.58823529,  23.23529412,  25.88235294,  28.52941176,
        31.17647059,  33.82352941,  36.47058824,  39.11764706,
        41.76470588,  44.41176471,  47.05882353,  49.70588235,
        52.35294118,  55       ,  57.64705882,  60.29411765,
        62.94117647,  65.58823529,  68.23529412,  70.88235294,
        73.52941176,  76.17647059,  78.82352941,  81.47058824,
        84.11764706,  86.76470588,  89.41176471,  92.05882353,
        94.70588235,  97.35294118, 100],
        "custom_EbinsReco": [9.56352, 11.6296, 14.1421, 17.1974, 20.9128, 25.4308, 30.9249, 55.6102, 100],
        "custom_cosTbinsReco": [0.0 , 0.1, 0.2, 0.3, 0.4, 0.5, 0.6, 0.7, 0.8, 0.9, 1.0 ],
        "custom_BybinsReco": [0,1]
    }
}